NumberShares,EntryDate,EntryPrice,ExpiryDate,ExitPrice,SpotPrice_Close,Strike,Premium,Outcome,PnL_Call,PnL_Stock,PnL_Realized,PnL_Unrealized,PnL_Total,PnL_Percent,PnL_Call_Position,PnL_Stock_Position,PnL_Realized_Position,PnL_Unrealized_Position,PnL_Total_position,Ticker
813.4490423718439,2015-04-01,12.293333053588867,2015-05-01,12.53166675567627,12.53166675567627,12.539199714660645,0.17352706033914433,Not Called,0.17352706033914433,0.23833370208740234,0.17352706033914433,0.23833370208740234,0.4118607624265467,4.118607624265467e-05,141.15542105847814,193.87232172793378,141.15542105847814,193.87232172793378,335.0277427864119,DECK
857.0012540652506,2015-04-01,11.668594360351562,2015-05-01,11.582793235778809,11.582793235778809,11.901966247558594,0.6291858472542646,Not Called,0.6291858472542646,-0.0858011245727539,0.6291858472542646,-0.0858011245727539,0.5433847226815107,5.433847226815107e-05,539.213060137012,-73.53167135905889,539.213060137012,-73.53167135905889,465.6813887779531,TKO
765.1109589512879,2015-04-01,13.06999969482422,2015-05-01,12.75,12.75,13.331399688720705,0.7371219330086056,Not Called,0.7371219330086056,-0.3199996948242205,0.7371219330086056,-0.3199996948242205,0.4171222381843851,4.171222381843851e-05,563.9800690282412,-244.83527337107884,563.9800690282412,-244.83527337107884,319.1447956571624,ENPH
586.6464004396984,2015-04-01,17.046043395996094,2015-05-01,17.386964263916017,21.318628311157227,17.386964263916017,0.782873303767702,Called,0.782873303767702,0.34092086791992315,1.1237941716876252,0.0,1.1237941716876252,0.00011237941716876252,459.26980565565697,200.00000000000077,659.2698056556577,0.0,659.2698056556577,FCX
3717.47203988273,2015-04-01,2.690000057220459,2015-05-01,2.309999942779541,2.309999942779541,2.7438000583648683,0.06954539503505108,Not Called,0.06954539503505108,-0.38000011444091797,0.06954539503505108,-0.38000011444091797,-0.3104547194058669,-3.1045471940586686e-05,258.5330615454016,-1412.63980058635,258.5330615454016,-1412.63980058635,-1154.1067390409485,AMD
804.073924656871,2015-06-16,12.436667442321776,2015-07-16,12.138333320617676,12.138333320617676,12.685400791168211,0.2922593996756069,Not Called,0.2922593996756069,-0.2983341217040998,0.2922593996756069,-0.2983341217040998,-0.006074722028492907,-6.074722028492907e-07,234.99816251502628,-239.88268809767612,234.99816251502628,-239.88268809767612,-4.88452558264984,DECK
731.6660464644391,2015-06-16,13.667437553405762,2015-07-16,13.940786304473876,14.748035430908203,13.940786304473876,0.33190502134560074,Called,0.33190502134560074,0.27334875106811474,0.6052537724137155,0.0,0.6052537724137155,6.0525377241371544e-05,242.84363476963097,199.99999999999963,442.84363476963057,0.0,442.84363476963057,TKO
1102.5358695112727,2015-06-16,9.06999969482422,2015-07-16,6.329999923706055,6.329999923706055,9.251399688720705,0.5152971858562019,Not Called,0.5152971858562019,-2.739999771118166,0.5152971858562019,-2.739999771118166,-2.224702585261964,-0.00022247025852619638,568.1336308646794,-3020.9480301104554,568.1336308646794,-3020.9480301104554,-2452.814399245776,ENPH
4255.319321625053,2015-06-16,2.3499999046325684,2015-07-16,1.870000004768372,1.870000004768372,2.3969999027252196,0.04216138039096751,Not Called,0.04216138039096751,-0.47999989986419633,0.04216138039096751,-0.47999989986419633,-0.4378385194732288,-4.378385194732288e-05,179.41013660406765,-2042.5528482702052,179.41013660406765,-2042.5528482702052,-1863.1427116661375,AMD
753.0120633340297,2015-06-16,13.279999732971191,2015-07-16,12.43000030517578,12.43000030517578,13.545599727630615,0.3892271653857087,Not Called,0.3892271653857087,-0.8499994277954119,0.3892271653857087,-0.8499994277954119,-0.46077226240970326,-4.607722624097033e-05,293.0927509127481,-640.0598229569678,293.0927509127481,-640.0598229569678,-346.9670720442196,BLDR
935.3078777364245,2015-08-28,10.69166660308838,2015-09-29,9.609999656677246,9.609999656677246,10.905499935150148,0.29612714308286314,Not Called,0.29612714308286314,-1.0816669464111346,0.29612714308286314,-1.0816669464111346,-0.7855398033282714,-7.855398033282714e-05,276.97004973698324,-1011.6916160654372,276.97004973698324,-1011.6916160654372,-734.7215663284538,DECK
2183.4061499084432,2015-08-28,4.579999923706055,2015-09-29,3.549999952316284,3.549999952316284,4.671599922180176,0.5217933726788171,Not Called,0.5217933726788171,-1.0299999713897705,0.5217933726788171,-1.0299999713897705,-0.5082065987109534,-5.0820659871095345e-05,1139.2868588883975,-2248.9082719379453,1139.2868588883975,-2248.9082719379453,-1109.621413049548,ENPH
5405.405335743294,2015-08-28,1.850000023841858,2015-09-29,1.6699999570846558,1.6699999570846558,1.887000024318695,0.14909894765373954,Not Called,0.14909894765373954,-0.18000006675720215,0.14909894765373954,-0.18000006675720215,-0.030901119103462604,-3.0901119103462604e-06,805.9402472012338,-972.9733212835296,805.9402472012338,-972.9733212835296,-167.0330740822958,AMD
690.6077566391673,2015-08-28,14.479999542236328,2015-09-29,12.489999771118164,12.489999771118164,14.769599533081054,0.7227145681780565,Not Called,0.7227145681780565,-1.989999771118164,0.7227145681780565,-1.989999771118164,-1.2672852029401076,-0.00012672852029401075,499.1122866198921,-1374.3092776443716,499.1122866198921,-1374.3092776443716,-875.1969910244795,BLDR
640.908945327981,2015-08-28,15.602840423583984,2015-09-29,14.058198928833008,14.058198928833008,15.914897232055665,0.9757330443059953,Not Called,0.9757330443059953,-1.5446414947509766,0.9757330443059953,-1.5446414947509766,-0.5689084504449813,-5.689084504449813e-05,625.3560363478156,-989.9745513106844,625.3560363478156,-989.9745513106844,-364.61851496286886,MU
1209.1897758738633,2015-11-11,8.270000457763672,2015-12-11,8.398332595825195,8.398332595825195,8.435400466918946,0.3810309800279068,Not Called,0.3810309800279068,0.12833213806152344,0.3810309800279068,0.12833213806152344,0.5093631180894302,5.0936311808943027e-05,460.7387653409431,155.1779092600272,460.7387653409431,155.1779092600272,615.9166746009703,DECK
5347.593569251703,2015-11-11,1.870000004768372,2015-12-11,1.9074000048637394,2.0999999046325684,1.9074000048637394,0.32101753263946387,Called,0.32101753263946387,0.03740000009536737,0.35841753273483123,0.0,0.35841753273483123,3.5841753273483125e-05,1716.6712931598456,199.99999999999963,1916.6712931598454,0.0,1916.6712931598454,ENPH
4830.918030192546,2015-11-11,2.069999933242798,2015-12-11,2.1113999319076537,2.359999895095825,2.1113999319076537,0.0837017701395456,Called,0.0837017701395456,0.041399998664855886,0.1251017688044015,0.0,0.1251017688044015,1.2510176880440149e-05,404.35639052616295,199.99999999999963,604.3563905261626,0.0,604.3563905261626,AMD
695.8942296199565,2015-11-11,14.369999885559082,2015-12-11,11.81999969482422,11.81999969482422,14.657399883270264,1.2476801208357493,Not Called,1.2476801208357493,-2.5500001907348615,1.2476801208357493,-2.5500001907348615,-1.3023200698991122,-0.0001302320069899112,868.253396501128,-1774.5304182621785,868.253396501128,-1774.5304182621785,-906.2770217610506,BLDR
659.9294338914436,2015-11-11,15.153135299682615,2015-12-11,13.725807189941406,13.725807189941406,15.456198005676267,1.0127738266771074,Not Called,1.0127738266771074,-1.4273281097412092,1.0127738266771074,-1.4273281097412092,-0.4145542830641018,-4.145542830641018e-05,668.3592580990945,-941.9358314388605,668.3592580990945,-941.9358314388605,-273.57657333976596,MU
1248.9591272760883,2016-01-28,8.006667137145996,2016-02-29,8.166800479888916,9.42666721343994,8.166800479888916,0.2992071869179549,Called,0.2992071869179549,0.16013334274292035,0.45934052966087524,0.0,0.45934052966087524,4.593405296608752e-05,373.6975470477824,200.00000000000054,573.6975470477829,0.0,573.6975470477829,DECK
1315.7894901951927,2016-01-28,7.599999904632568,2016-02-29,7.7519999027252195,7.929999828338623,7.7519999027252195,0.44587109353484555,Called,0.44587109353484555,0.1519999980926512,0.5978710916274967,0.0,0.5978710916274967,5.9787109162749676e-05,586.6724988549875,199.99999999999977,786.6724988549872,0.0,786.6724988549872,BLDR
1034.2675292927524,2016-01-28,9.668678283691406,2016-02-29,9.862051849365235,10.392117500305176,9.862051849365235,0.5464156034888816,Called,0.5464156034888816,0.1933735656738289,0.7397891691627105,0.0,0.7397891691627105,7.397891691627105e-05,565.1399161874539,200.00000000000082,765.1399161874547,0.0,765.1399161874547,MU
4329.004436237065,2016-01-28,2.309999942779541,2016-02-29,2.3299999237060547,2.3299999237060547,2.356199941635132,0.3931330016775223,Not Called,0.3931330016775223,0.019999980926513672,0.3931330016775223,0.019999980926513672,0.41313298260403597,4.1313298260403594e-05,1701.8745082931878,86.58000615553438,1701.8745082931878,86.58000615553438,1788.4545144487222,ENPH
676.450151430632,2016-01-28,14.783055305480955,2016-02-29,15.078716411590575,17.466753005981445,15.078716411590575,1.7833073894457767,Called,1.7833073894457767,0.2956611061096197,2.0789684955553964,0.0,2.0789684955553964,0.00020789684955553964,1206.3185536379606,200.0000000000004,1406.318553637961,0.0,1406.318553637961,TRGP
3906.250087311493,2016-04-13,2.559999942779541,2016-05-12,1.7999999523162842,1.7999999523162842,2.6111999416351317,0.3246768879620423,Not Called,0.3246768879620423,-0.7599999904632568,0.3246768879620423,-0.7599999904632568,-0.43532310250121453,-4.3532310250121454e-05,1268.2691219497517,-2968.750029103831,1268.2691219497517,-2968.750029103831,-1700.4809071540794,ENPH
897.4999270325958,2016-04-13,11.142062187194824,2016-05-12,11.364903430938721,11.567102432250977,11.364903430938721,0.815636762690243,Called,0.815636762690243,0.2228412437438969,1.03847800643414,0.0,1.03847800643414,0.00010384780064341399,732.0339349995958,200.00000000000037,932.0339349995961,0.0,932.0339349995961,WMB
481.06405767322076,2016-04-13,20.78725242614746,2016-05-12,21.20299747467041,27.363237380981445,21.20299747467041,1.3286781255862135,Called,1.3286781255862135,0.41574504852295036,1.7444231741091638,0.0,1.7444231741091638,0.0001744423174109164,639.179290436153,200.00000000000054,839.1792904361536,0.0,839.1792904361536,TRGP
1011.9285032891325,2016-04-13,9.882121086120604,2016-05-12,10.073917388916016,10.073917388916016,10.079763507843015,1.0007786605584057,Not Called,1.0007786605584057,0.19179630279541193,1.0007786605584057,0.19179630279541193,1.1925749633538176,0.00011925749633538176,1012.7164521025703,194.08414562415047,1012.7164521025703,194.08414562415047,1206.8005977267208,FCX
450.37292986279675,2016-04-13,22.203821182250977,2016-05-12,22.647897605895995,23.458887100219727,22.647897605895995,1.840333062239992,Called,1.840333062239992,0.44407642364501854,2.2844094858850106,0.0,2.2844094858850106,0.00022844094858850107,828.8361931643979,199.99999999999955,1028.8361931643974,0.0,1028.8361931643974,DVN
5235.6021857366895,2016-06-27,1.909999966621399,2016-07-27,1.809999942779541,1.809999942779541,1.948199965953827,0.15150596973198716,Not Called,0.15150596973198716,-0.10000002384185791,0.15150596973198716,-0.10000002384185791,0.051505945890129246,5.150594589012925e-06,793.2249862809487,-523.5603434001523,793.2249862809487,-523.5603434001523,269.66464288079635,ENPH
1080.855534362633,2016-06-27,9.251930236816406,2016-07-27,9.436968841552735,11.927961349487305,9.436968841552735,0.6613278993837914,Called,0.6613278993837914,0.18503860473632905,0.8463665041201205,0.0,0.8463665041201205,8.463665041201204e-05,714.7999200773855,200.000000000001,914.7999200773866,0.0,914.7999200773866,FCX
2118.6441619722955,2016-06-27,4.71999979019165,2016-07-27,4.814399785995484,6.849999904632568,4.814399785995484,0.3372829279922591,Called,0.3372829279922591,0.09439999580383329,0.4316829237960924,0.0,0.4316829237960924,4.316829237960924e-05,714.5825063237219,200.0000000000006,914.5825063237224,0.0,914.5825063237224,AMD
716.6659330799406,2016-06-27,13.953502655029297,2016-07-27,14.232572708129883,21.428354263305664,14.232572708129883,0.6149150443196518,Called,0.6149150443196518,0.2790700531005861,0.8939850974202379,0.0,0.8939850974202379,8.939850974202379e-05,440.6886640022363,200.00000000000009,640.6886640022364,0.0,640.6886640022364,STX
203.9983661080571,2016-06-27,49.02000045776367,2016-07-27,50.00040046691895,50.59000015258789,50.00040046691895,0.8875947236678421,Called,0.8875947236678421,0.9804000091552751,1.8679947328231172,0.0,1.8679947328231172,0.00018679947328231172,181.0678733943722,200.00000000000034,381.06787339437255,0.0,381.06787339437255,MOH
5555.555702727522,2016-09-09,1.7999999523162842,2016-10-10,1.059999942779541,1.059999942779541,1.83599995136261,0.07296881980990444,Not Called,0.07296881980990444,-0.7400000095367432,0.07296881980990444,-0.7400000095367432,-0.6670311897268387,-6.670311897268388e-05,405.38234301621156,-4111.111273000274,405.38234301621156,-4111.111273000274,-3705.7289299840622,ENPH
152.75872903693192,2016-09-09,65.46270751953125,2016-10-10,66.58985900878906,66.58985900878906,66.77196166992188,0.38593317899546165,Not Called,0.38593317899546165,1.1271514892578125,0.38593317899546165,1.1271514892578125,1.5130846682532741,0.00015130846682532743,58.954661916529474,172.18222893110845,58.954661916529474,172.18222893110845,231.13689084763794,DHR
4741.58376185183,2016-09-09,2.108999967575073,2016-10-10,2.1511799669265743,2.2709999084472656,2.1511799669265743,0.045655589621578785,Called,0.045655589621578785,0.04217999935150152,0.0878355889730803,0.0,0.0878355889730803,8.78355889730803e-06,216.4798023874489,200.0000000000003,416.4798023874492,0.0,416.4798023874492,SMCI
1694.9152268407267,2016-09-09,5.900000095367432,2016-10-10,6.01800009727478,6.840000152587891,6.01800009727478,0.33476612750004664,Called,0.33476612750004664,0.11800000190734838,0.452766129407395,0.0,0.452766129407395,4.52766129407395e-05,567.4002069303332,199.99999999999957,767.4002069303327,0.0,767.4002069303327,AMD
414.4311665694131,2016-09-09,24.12945938110352,2016-10-10,24.61204856872559,25.833539962768555,24.61204856872559,0.7441550992323371,Called,0.7441550992323371,0.4825891876220716,1.2267442868544087,0.0,1.2267442868544087,0.00012267442868544088,308.40106588343485,200.0000000000005,508.40106588343536,0.0,508.40106588343536,STX
9174.311645664506,2016-11-22,1.090000033378601,2016-12-22,1.1118000340461731,1.2300000190734863,1.1118000340461731,0.07866564093479861,Called,0.07866564093479861,0.02180000066757204,0.10046564160237065,0.0,0.10046564160237065,1.0046564160237064e-05,721.7031057417853,200.00000000000017,921.7031057417855,0.0,921.7031057417855,ENPH
149.78999778752566,2016-11-22,66.7601318359375,2016-12-22,66.68350219726562,66.68350219726562,68.09533447265625,0.9801961125713561,Not Called,0.9801961125713561,-0.076629638671875,0.9801961125713561,-0.076629638671875,0.9035664738994811,9.035664738994811e-05,146.8235735334047,-11.478353407119048,146.8235735334047,-11.478353407119048,135.34522012628562,DHR
117.04502043412172,2016-11-22,85.43721008300781,2016-12-22,87.14595428466797,89.14850616455078,87.14595428466797,4.238085594901392,Called,4.238085594901392,1.7087442016601528,5.946829796561545,0.0,5.946829796561545,0.0005946829796561545,496.04681505679036,199.9999999999996,696.0468150567899,0.0,696.0468150567899,TPL
357.2704566549738,2016-11-22,27.989999771118164,2016-12-22,24.299999237060547,24.299999237060547,28.549799766540527,1.2418072345398912,Not Called,1.2418072345398912,-3.690000534057617,1.2418072345398912,-3.690000534057617,-2.448193299517726,-0.0002448193299517726,443.6610377615171,-1318.328175859862,443.6610377615171,-1318.328175859862,-874.667138098345,AXON
714.5369206188279,2016-11-22,13.995078086853027,2016-12-22,14.274979648590088,14.341333389282228,14.274979648590088,0.31946503739876686,Called,0.31946503739876686,0.27990156173706104,0.5993665991358279,0.0,0.5993665991358279,5.993665991358279e-05,228.26956406829356,200.00000000000034,428.2695640682939,0.0,428.2695640682939,TSCO
141.3341145930773,2017-02-08,70.75432586669922,2017-03-10,72.16941238403321,74.83006286621094,72.16941238403321,0.7298308422381794,Called,0.7298308422381794,1.4150865173339895,2.144917359572169,0.0,2.144917359572169,0.00021449173595721688,103.14999589045296,200.0000000000007,303.1499958904537,0.0,303.1499958904537,DHR
376.7897383209756,2017-02-08,26.540000915527344,2017-03-10,22.6299991607666,22.6299991607666,27.07080093383789,0.47091437291940963,Not Called,0.47091437291940963,-3.910001754760742,0.47091437291940963,-3.910001754760742,-3.4390873818413326,-0.00034390873818413326,177.43570334389065,-1473.2485380108553,177.43570334389065,-1473.2485380108553,-1295.8128346669646,AXON
3422.8444844499954,2017-02-08,2.921546697616577,2017-03-10,2.44455885887146,2.44455885887146,2.9799776315689086,0.1259147750619598,Not Called,0.1259147750619598,-0.4769878387451172,0.1259147750619598,-0.4769878387451172,-0.3510730636831574,-3.510730636831574e-05,430.98669333159097,-1632.6551929984482,430.98669333159097,-1632.6551929984482,-1201.6684996668573,NVDA
6493.506654355599,2017-02-08,1.5399999618530271,2017-03-10,1.3300000429153442,1.3300000429153442,1.5707999610900878,0.2001489246045881,Not Called,0.2001489246045881,-0.20999991893768288,0.2001489246045881,-0.20999991893768288,-0.009850994333094776,-9.850994333094775e-07,1299.66837378201,-1363.63587103598,1299.66837378201,-1363.63587103598,-63.967497253970215,ENPH
737.4631040227262,2017-02-08,13.5600004196167,2017-03-10,13.831200428009033,13.90999984741211,13.831200428009033,0.9803708452729962,Called,0.9803708452729962,0.27120000839233427,1.2515708536653305,0.0,1.2515708536653305,0.00012515708536653305,722.9873266484076,200.00000000000023,922.9873266484078,0.0,922.9873266484078,AMD
413.7360351027905,2017-04-25,24.170000076293945,2017-05-24,24.653400077819825,24.780000686645508,24.653400077819825,0.6082538538396118,Called,0.6082538538396118,0.4834000015258795,1.0916538553654913,0.0,1.0916538553654913,0.00010916538553654913,251.65653782359323,200.00000000000026,451.65653782359345,0.0,451.65653782359345,AXON
3871.222243830006,2017-04-25,2.5831634998321533,2017-05-24,2.6348267698287966,3.4210994243621826,2.6348267698287966,0.07557512829120316,Called,0.07557512829120316,0.05166326999664328,0.12723839828784644,0.0,0.12723839828784644,1.2723839828784644e-05,292.56811772121205,200.00000000000082,492.5681177212129,0.0,492.5681177212129,NVDA
7751.938213730989,2017-04-25,1.2899999618530271,2017-05-24,0.7300000190734863,0.7300000190734863,1.3157999610900877,0.0705170388113543,Not Called,0.0705170388113543,-0.5599999427795408,0.0705170388113543,-0.5599999427795408,-0.4894829039681865,-4.894829039681865e-05,546.6437278808886,-4341.08495611989,546.6437278808886,-4341.08495611989,-3794.4412282390012,ENPH
543.4782721369841,2017-04-25,18.399999618530277,2017-05-24,18.767999610900883,19.661666870117188,18.767999610900883,0.2394264720405932,Called,0.2394264720405932,0.3679999923706063,0.6074264644111995,0.0,0.6074264644111995,6.074264644111995e-05,130.12308532847553,200.00000000000043,330.12308532847595,0.0,330.12308532847595,PANW
741.2898569064332,2017-04-25,13.489999771118164,2017-05-24,10.890000343322754,10.890000343322754,13.759799766540528,0.5585132761534153,Not Called,0.5585132761534153,-2.59999942779541,0.5585132761534153,-2.59999942779541,-2.041486151641995,-0.0002041486151641995,414.0202265601084,-1927.3532037872678,414.0202265601084,-1927.3532037872678,-1513.3329772271593,AMD
12048.193013344475,2017-07-10,0.8299999833106995,2017-08-08,0.8465999829769134,0.8899999856948853,0.8465999829769134,0.04159133980951202,Called,0.04159133980951202,0.01659999966621395,0.05819133947572597,0.0,0.05819133947572597,5.819133947572597e-06,501.1004897085986,199.99999999999952,701.1004897085982,0.0,701.1004897085982,ENPH
724.1129396198493,2017-07-10,13.8100004196167,2017-08-08,13.109999656677246,13.109999656677246,14.086200428009034,0.860258777184904,Not Called,0.860258777184904,-0.7000007629394531,0.860258777184904,-0.7000007629394531,0.16025801424545083,1.6025801424545084e-05,622.9245119811377,-506.87961018822466,622.9245119811377,-506.87961018822466,116.04490179291308,AMD
164.99087321223277,2017-07-10,60.609413146972656,2017-08-08,61.01359558105469,61.01359558105469,61.82160140991211,0.9150311477463511,Not Called,0.9150311477463511,0.40418243408203125,0.9150311477463511,0.40418243408203125,1.3192135818283823,0.00013192135818283822,150.97178808306205,66.68641273624004,150.97178808306205,66.68641273624004,217.6582008193021,BG
2635.2973818703927,2017-07-10,3.794638156890869,2017-08-08,3.8705309200286866,4.2044677734375,3.8705309200286866,0.16303900734475651,Called,0.16303900734475651,0.07589276313781745,0.23893177048257397,0.0,0.23893177048257397,2.3893177048257395e-05,429.65626919838456,200.00000000000017,629.6562691983847,0.0,629.6562691983847,NVDA
366.05636559220414,2017-07-10,27.31819725036621,2017-08-08,23.47558212280273,23.47558212280273,27.864561195373536,0.8131814140653724,Not Called,0.8131814140653724,-3.84261512756348,0.8131814140653724,-3.84261512756348,-3.0294337134981077,-0.0003029433713498108,297.6702329998995,-1406.6137279655115,297.6702329998995,-1406.6137279655115,-1108.943494965612,STX
745.7121635933368,2017-09-21,13.40999984741211,2017-10-20,13.678199844360352,13.8100004196167,13.678199844360352,0.5215498904998634,Called,0.5215498904998634,0.26819999694824226,0.7897498874481057,0.0,0.7897498874481057,7.897498874481057e-05,388.926097266521,200.00000000000006,588.9260972665211,0.0,588.9260972665211,AMD
175.67999734078128,2017-09-21,56.92167663574219,2017-10-20,56.75419998168945,56.75419998168945,58.06011016845703,0.9797117775790056,Not Called,0.9797117775790056,-0.16747665405273438,0.9797117775790056,-0.16747665405273438,0.8122351235262713,8.122351235262713e-05,172.11576247981182,-29.422298138627323,172.11576247981182,-29.422298138627323,142.6934643411845,BG
421.41753538967504,2017-09-21,23.729434967041016,2017-10-20,24.204023666381836,25.339431762695312,24.204023666381836,0.632089576354824,Called,0.632089576354824,0.4745886993408206,1.1066782756956446,0.0,1.1066782756956446,0.00011066782756956446,266.3736314129537,200.0000000000001,466.37363141295384,0.0,466.37363141295384,STX
495.23873216360613,2017-09-21,20.19228172302246,2017-10-20,20.59612735748291,21.202301025390625,20.59612735748291,0.44859603033055073,Called,0.44859603033055073,0.4038456344604491,0.8524416647909998,0.0,0.8524416647909998,8.524416647909998e-05,222.16212931452856,199.99999999999991,422.1621293145285,0.0,422.1621293145285,NRG
49.44131450405048,2017-09-21,202.25999450683597,2017-10-20,205.8999938964844,205.8999938964844,206.3051943969727,4.536279990203099,Not Called,4.536279990203099,3.6399993896484375,4.536279990203099,3.6399993896484375,8.176279379851536,0.0008176279379851537,224.27964567406244,179.96635461816018,224.27964567406244,179.96635461816018,404.2460002922226,ORLY
188.4974856959024,2017-12-05,53.05110549926758,2018-01-05,54.11212760925293,56.16703414916992,54.11212760925293,0.426861427805612,Called,0.426861427805612,1.0610221099853518,1.4878835377909638,0.0,1.4878835377909638,0.0001487883537790964,80.46230588192083,200.00000000000006,280.4623058819209,0.0,280.4623058819209,BG
39.966427127895436,2017-12-05,250.2100067138672,2018-01-05,255.21420684814453,260.2799987792969,255.21420684814453,8.28715702149178,Called,8.28715702149178,5.00420013427734,13.29135715576912,0.0,13.29135715576912,0.001329135715576912,331.2080571968782,199.9999999999999,531.208057196878,0.0,531.208057196878,ORLY
689.6551724137931,2017-12-05,14.5,2018-01-05,13.3149995803833,13.3149995803833,14.790000000000001,0.3399979631023333,Not Called,0.3399979631023333,-1.1850004196166992,0.3399979631023333,-1.1850004196166992,-0.8450024565143659,-8.450024565143659e-05,234.48135386367815,-817.2416687011719,234.48135386367815,-817.2416687011719,-582.7603148374938,DXCM
3623.1884183164557,2017-12-05,2.759999990463257,2018-01-05,2.470000028610229,2.470000028610229,2.815199990272522,0.33590386973596664,Not Called,0.33590386973596664,-0.2899999618530278,0.33590386973596664,-0.2899999618530278,0.045903907882938855,4.590390788293886e-06,1217.0430104950337,-1050.7245030981042,1217.0430104950337,-1050.7245030981042,166.3185073969295,ENPH
93.29877717613748,2017-12-05,107.18254089355467,2018-01-05,109.32619171142576,115.09074401855467,109.32619171142576,0.8128362090822563,Called,0.8128362090822563,2.143650817871091,2.956487026953347,0.0,2.956487026953347,0.0002956487026953347,75.83662435186173,199.99999999999977,275.8366243518615,0.0,275.8366243518615,EFX
703.2348672444466,2018-02-21,14.220000267028809,2018-03-22,14.504400272369384,16.684999465942383,14.504400272369384,0.4018701589256555,Called,0.4018701589256555,0.28440000534057575,0.6862701642662312,0.0,0.6862701642662312,6.862701642662312e-05,282.609107861588,199.9999999999997,482.6091078615877,0.0,482.6091078615877,DXCM
3802.2812033701325,2018-02-21,2.630000114440918,2018-03-22,2.6826001167297364,4.730000019073486,2.6826001167297364,0.2811644551017094,Called,0.2811644551017094,0.05260000228881845,0.33376445739052785,0.0,0.33376445739052785,3.3376445739052785e-05,1069.0663226890351,200.00000000000034,1269.0663226890356,0.0,1269.0663226890356,ENPH
88.99172159452644,2018-02-21,112.37000274658205,2018-03-22,114.61740280151369,131.41000366210938,114.61740280151369,3.2273729965706934,Called,3.2273729965706934,2.2474000549316457,5.474773051502339,0.0,5.474773051502339,0.000547477305150234,287.2094791925117,200.00000000000045,487.2094791925121,0.0,487.2094791925121,ADSK
230.783540157035,2018-02-21,43.33064651489258,2018-03-22,44.19725944519043,46.13917922973633,44.19725944519043,0.5618267586754566,Called,0.5618267586754566,0.8666129302978547,1.4284396889733113,0.0,1.4284396889733113,0.00014284396889733113,129.66036832207405,200.0000000000007,329.66036832207476,0.0,329.66036832207476,EIX
229.65657430753865,2018-02-21,43.54327774047852,2018-03-22,44.41414329528809,57.60146331787109,44.41414329528809,2.3696756669305934,Called,2.3696756669305934,0.8708655548095692,3.2405412217401626,0.0,3.2405412217401626,0.00032405412217401624,544.2115958872121,199.9999999999997,744.2115958872117,0.0,744.2115958872117,MU
2178.6491650467365,2018-05-07,4.590000152587891,2018-06-06,4.681800155639649,5.300000190734863,4.681800155639649,0.39917469310329556,Called,0.39917469310329556,0.09180000305175806,0.4909746961550536,0.0,0.4909746961550536,4.9097469615505365e-05,869.6616118372822,200.00000000000057,1069.6616118372826,0.0,1069.6616118372826,ENPH
222.56843828349662,2018-05-07,44.93000030517578,2018-06-06,45.828600311279295,67.9000015258789,45.828600311279295,1.5441136919791276,Called,1.5441136919791276,0.8986000061035142,2.442713698082642,0.0,2.442713698082642,0.0002442713698082642,343.6709729559586,199.9999999999997,543.6709729559583,0.0,543.6709729559583,AXON
634.0148978167222,2018-05-07,15.772500038146973,2018-06-06,16.087950038909913,17.391250610351562,16.087950038909913,0.8535939945082269,Called,0.8535939945082269,0.31545000076294016,1.169043995271167,0.0,1.169043995271167,0.0001169043995271167,541.1913092051012,200.00000000000043,741.1913092051017,0.0,741.1913092051017,ANET
92.40130528687146,2018-05-07,108.22357940673828,2018-06-06,110.38805099487305,119.71080017089844,110.38805099487305,3.396289297062104,Called,3.396289297062104,2.1644715881347736,5.560760885196878,0.0,5.560760885196878,0.0005560760885196877,313.8215641803696,200.0000000000007,513.8215641803703,0.0,513.8215641803703,EXPE
107.75861714597845,2018-05-07,92.8000030517578,2018-06-06,81.58999633789062,81.58999633789062,94.65600311279296,1.443719440527424,Not Called,1.443719440527424,-11.210006713867173,1.443719440527424,-11.210006713867173,-9.76628727333975,-0.000976628727333975,155.5732104580009,-1207.9748216834607,155.5732104580009,-1207.9748216834607,-1052.4016112254599,DLTR
115.68717859278806,2018-07-20,86.44000244140625,2018-08-20,88.16880249023437,94.9800033569336,88.16880249023437,1.149079761192663,Called,1.149079761192663,1.7288000488281199,2.877879810020783,0.0,2.877879810020783,0.0002877879810020783,132.93379555045388,199.99999999999943,332.9337955504533,0.0,332.9337955504533,DLTR
937.0102220093065,2018-07-20,10.672242164611816,2018-08-20,9.783778190612791,9.783778190612791,10.885687007904053,0.09494167483727445,Not Called,0.09494167483727445,-0.8884639739990252,0.09494167483727445,-0.8884639739990252,-0.7935222991617508,-7.935222991617508e-05,88.96131981720993,-832.4998255240973,88.96131981720993,-832.4998255240973,-743.5385057068875,GEN
277.2484981808952,2018-07-20,36.0687255859375,2018-08-20,36.79010009765625,45.75603103637695,36.79010009765625,1.0573730655885658,Called,1.0573730655885658,0.72137451171875,1.7787475773073158,0.0,1.7787475773073158,0.00017787475773073158,293.15509445135905,200.0,493.15509445135905,0.0,493.15509445135905,MTCH
1479.289890742221,2018-07-20,6.760000228881836,2018-08-20,4.96999979019165,4.96999979019165,6.895200233459473,0.8939845887259072,Not Called,0.8939845887259072,-1.7900004386901855,0.8939845887259072,-1.7900004386901855,-0.8960158499642783,-8.960158499642783e-05,1322.4623645815766,-2647.929553378532,1322.4623645815766,-2647.929553378532,-1325.4671887969555,ENPH
252.9272549513947,2018-07-20,39.53705978393555,2018-08-20,40.32780097961426,41.92710876464844,40.32780097961426,0.7053040557869483,Called,0.7053040557869483,0.7907411956787129,1.4960452514656613,0.0,1.4960452514656613,0.00014960452514656614,178.39061873627818,200.0000000000005,378.3906187362787,0.0,378.3906187362787,CAH
956.3974567235296,2018-10-03,10.455904006958008,2018-11-01,9.465401649475098,9.465401649475098,10.665022087097169,0.19159639821071472,Not Called,0.19159639821071472,-0.9905023574829102,0.19159639821071472,-0.9905023574829102,-0.7989059592721954,-7.989059592721954e-05,183.24230796611616,-947.3139355753156,183.24230796611616,-947.3139355753156,-764.0716276091994,GEN
2028.3976365512233,2018-10-03,4.929999828338623,2018-11-01,4.909999847412109,4.909999847412109,5.028599824905395,0.38488367591864314,Not Called,0.38488367591864314,-0.019999980926513672,0.38488367591864314,-0.019999980926513672,0.36488369499212947,3.6488369499212945e-05,780.6971385805227,-40.567914042409875,780.6971385805227,-40.567914042409875,740.1292245381128,ENPH
317.1079767999631,2018-10-03,31.53499984741211,2018-11-01,32.165699844360354,34.002498626708984,32.165699844360354,0.9983649869431979,Called,0.9983649869431979,0.6306999969482447,1.6290649838914426,0.0,1.6290649838914426,0.00016290649838914426,316.5895011174791,200.0000000000008,516.5895011174799,0.0,516.5895011174799,DXCM
508.81953011095584,2018-10-03,19.65333366394043,2018-11-01,20.04640033721924,22.95199966430664,20.04640033721924,1.6362416916523923,Called,1.6362416916523923,0.39306667327880973,2.029308364931202,0.0,2.029308364931202,0.0002029308364931202,832.5517286945258,200.00000000000057,1032.5517286945262,0.0,1032.5517286945262,TSLA
61.85514272336105,2018-10-03,161.6680450439453,2018-11-01,151.0381622314453,151.0381622314453,164.90140594482423,3.149364863522493,Not Called,3.149364863522493,-10.6298828125,3.149364863522493,-10.6298828125,-7.480517948977507,-0.0007480517948977507,194.80441312112228,-657.5129184997901,194.80441312112228,-657.5129184997901,-462.7085053786678,META
951.9412110647042,2018-12-18,10.504850387573242,2019-01-18,10.19558811187744,10.19558811187744,10.714947395324707,0.5237052470869061,Not Called,0.5237052470869061,-0.30926227569580256,0.5237052470869061,-0.30926227569580256,0.21444297139110358,2.1444297139110358e-05,498.5366071528496,-294.39950526248873,498.5366071528496,-294.39950526248873,204.13710189036087,GEN
1904.7619047619048,2018-12-18,5.25,2019-01-18,5.355,6.53000020980835,5.355,0.31244093736620204,Called,0.31244093736620204,0.10500000000000043,0.41744093736620247,0.0,0.41744093736620247,4.1744093736620244e-05,595.125594983242,200.00000000000082,795.1255949832429,0.0,795.1255949832429,ENPH
69.93687582277423,2018-12-18,142.986083984375,2019-01-18,145.8458056640625,149.33616638183594,145.8458056640625,4.293446230840985,Called,4.293446230840985,2.8597216796875102,7.153167910528495,0.0,7.153167910528495,0.0007153167910528495,300.270215898084,200.00000000000074,500.27021589808476,0.0,500.27021589808476,META
6644.51829347743,2018-12-18,1.5049999952316284,2019-01-18,1.5,1.5,1.535099995136261,0.11343453577300311,Not Called,0.11343453577300311,-0.004999995231628418,0.11343453577300311,-0.004999995231628418,0.10843454054137469,1.0843454054137468e-05,753.7178480558391,-33.22255978385495,753.7178480558391,-33.22255978385495,720.4952882719842,SMCI
512.8205128205128,2018-12-18,19.5,2019-01-18,19.89,20.770000457763672,19.89,1.6187231067894867,Called,1.6187231067894867,0.39000000000000057,2.0087231067894873,0.0,2.0087231067894873,0.00020087231067894874,830.1144137381983,200.00000000000028,1030.1144137381987,0.0,1030.1144137381987,AMD
894.8598402016494,2019-03-06,11.174934387207031,2019-04-04,11.398433074951171,11.71918487548828,11.398433074951171,0.35323562507241224,Called,0.35323562507241224,0.22349868774414006,0.5767343128165523,0.0,0.5767343128165523,5.767343128165523e-05,316.0963750058286,199.99999999999952,516.096375005828,0.0,516.096375005828,GEN
5208.333449748658,2019-03-06,1.919999957084656,2019-04-04,1.9583999562263492,2.200999975204468,1.9583999562263492,0.13795778122016178,Called,0.13795778122016178,0.03839999914169323,0.176357780361855,0.0,0.176357780361855,1.76357780361855e-05,718.5301265820758,200.0000000000006,918.5301265820764,0.0,918.5301265820764,SMCI
547.3725048591774,2019-03-06,18.26909446716309,2019-04-04,18.63447635650635,18.766620635986328,18.63447635650635,4.6634583200164395,Called,4.6634583200164395,0.36538188934326143,5.028840209359701,0.0,5.028840209359701,0.0005028840209359701,2552.6488619337697,199.9999999999998,2752.6488619337697,0.0,2752.6488619337697,PCG
397.5179391373444,2019-03-06,25.15609741210937,2019-04-04,25.65921936035156,28.25086212158203,25.65921936035156,0.41907314175221266,Called,0.41907314175221266,0.5031219482421889,0.9221950899944016,0.0,0.9221950899944016,9.221950899944016e-05,166.58909165715178,200.0000000000006,366.5890916571524,0.0,366.5890916571524,DELL
446.2293649303524,2019-03-06,22.40999984741211,2019-04-04,22.858199844360353,29.09000015258789,22.858199844360353,1.7364770135027552,Called,1.7364770135027552,0.44819999694824375,2.184677010450999,0.0,2.184677010450999,0.0002184677010450999,774.8670349514895,200.00000000000068,974.8670349514902,0.0,974.8670349514902,AMD
43.33506776757946,2019-05-20,230.75999450683597,2019-06-19,233.88999938964844,233.88999938964844,235.3751943969727,3.6123807060711783,Not Called,3.6123807060711783,3.1300048828124716,3.6123807060711783,3.1300048828124716,6.74238558888365,0.000674238558888365,156.54276269989106,135.63897370953308,156.54276269989106,135.63897370953308,292.1817364094241,BIIB
417.14657257275286,2019-05-20,23.972389221191406,2019-06-19,23.67671012878418,23.67671012878418,24.451837005615236,0.23305844798805708,Not Called,0.23305844798805708,-0.29567909240722656,0.23305844798805708,-0.29567909240722656,-0.06262064441916948,-6.262064441916948e-06,97.2195327873432,-123.34151997909683,97.2195327873432,-123.34151997909683,-26.121987191753632,KHC
442.47786863752606,2019-05-20,22.600000381469727,2019-06-19,15.5,15.5,23.05200038909912,1.5670081310398292,Not Called,1.5670081310398292,-7.100000381469727,1.5670081310398292,-7.100000381469727,-5.532992250429897,-0.0005532992250429897,693.3664179601767,-3141.5930361183464,693.3664179601767,-3141.5930361183464,-2448.22661815817,MRNA
643.1797039588168,2019-05-20,15.547754287719728,2019-06-19,15.858709373474124,17.054462432861328,15.858709373474124,0.31380506501069405,Called,0.31380506501069405,0.31095508575439545,0.6247601507650895,0.0,0.6247601507650895,6.247601507650895e-05,201.83304881435546,200.00000000000057,401.83304881435606,0.0,401.83304881435606,HPQ
374.8125894159024,2019-05-20,26.68000030517578,2019-06-19,27.213600311279297,30.5,27.213600311279297,1.0261664588693016,Called,1.0261664588693016,0.5336000061035158,1.5597664649728173,0.0,1.5597664649728173,0.00015597664649728173,384.62010762055,200.00000000000006,584.62010762055,0.0,584.62010762055,AMD
41.27626129379943,2019-08-02,242.2700042724609,2019-09-03,217.44000244140625,217.44000244140625,247.11540435791014,4.785112997763363,Not Called,4.785112997763363,-24.83000183105466,4.785112997763363,-24.83000183105466,-20.044888833291296,-0.0020044888833291295,197.51157441603647,-1024.8896435041304,197.51157441603647,-1024.8896435041304,-827.3780690880939,BIIB
405.9652158130439,2019-08-02,24.632652282714844,2019-09-03,20.24439239501953,20.24439239501953,25.12530532836914,0.41074197221355035,Not Called,0.41074197221355035,-4.3882598876953125,0.41074197221355035,-4.3882598876953125,-3.977517915481762,-0.00039775179154817624,166.74695339314925,-1781.4808723519513,166.74695339314925,-1781.4808723519513,-1614.7339189588022,KHC
785.5459826861284,2019-08-02,12.729999542236328,2019-09-03,12.984599533081054,14.880000114440918,12.984599533081054,0.6351719946203271,Called,0.6351719946203271,0.25459999084472607,0.8897719854650532,0.0,0.8897719854650532,8.897719854650533e-05,498.95680868873313,199.99999999999963,698.9568086887327,0.0,698.9568086887327,MRNA
540.3096396517,2019-08-02,18.507905960083008,2019-09-03,10.517664909362791,10.517664909362791,18.87806407928467,1.1029186526030186,Not Called,1.1029186526030186,-7.990241050720217,1.1029186526030186,-7.990241050720217,-6.887322398117198,-0.0006887322398117198,595.9175797530754,-4317.204262844861,595.9175797530754,-4317.204262844861,-3721.2866830917856,PCG
339.6739068816088,2019-08-02,29.440000534057617,2019-09-03,30.028800544738772,30.899999618530277,30.028800544738772,1.20526161308557,Called,1.20526161308557,0.5888000106811546,1.7940616237667246,0.0,1.7940616237667246,0.00017940616237667247,409.3959209312055,200.00000000000077,609.3959209312063,0.0,609.3959209312063,AMD
43.91357784294115,2019-10-16,227.72000122070312,2019-11-14,232.2744012451172,275.1499938964844,232.2744012451172,4.0046225645214975,Called,4.0046225645214975,4.554400024414065,8.559022588935562,0.0,8.559022588935562,0.0008559022588935562,175.8573047187134,200.0000000000001,375.8573047187135,0.0,375.8573047187135,BIIB
469.1215986899013,2019-10-16,21.31643486022949,2019-11-14,21.742763557434078,24.34330940246582,21.742763557434078,0.4343132693363039,Called,0.4343132693363039,0.426328697204589,0.8606419665408929,0.0,0.8606419665408929,8.606419665408929e-05,203.74573524328457,199.99999999999966,403.74573524328423,0.0,403.74573524328423,KHC
1275.3500785952779,2019-10-16,7.840984344482422,2019-11-14,6.666826248168945,6.666826248168945,7.997804031372071,1.0139635099550013,Not Called,1.0139635099550013,-1.1741580963134766,1.0139635099550013,-1.1741580963134766,-0.16019458635847528,-1.6019458635847528e-05,1293.1584421138548,-1497.462620416674,1293.1584421138548,-1497.462620416674,-204.30417830281948,PCG
40.81965945954936,2019-10-16,244.97999572753903,2019-11-14,242.8699951171875,242.8699951171875,249.8795956420898,8.536511123441116,Not Called,8.536511123441116,-2.110000610351534,8.536511123441116,-2.110000610351534,6.426510513089582,0.0006426510513089582,348.4574770315215,-86.1295063739909,348.4574770315215,-86.1295063739909,262.32797065753056,ULTA
413.7360351027905,2019-10-16,24.170000076293945,2019-11-14,18.989999771118164,18.989999771118164,24.653400077819825,1.8231609480209716,Not Called,1.8231609480209716,-5.180000305175781,1.8231609480209716,-5.180000305175781,-3.3568393571548096,-0.000335683935715481,754.3073819884415,-2143.1527880946724,754.3073819884415,-2143.1527880946724,-1388.845406106231,ENPH
924.5408072080212,2019-12-31,10.816180229187012,2020-01-31,11.032503833770752,15.134692192077637,11.032503833770752,1.1018340539715918,Called,1.1018340539715918,0.21632360458374045,1.3181576585553323,0.0,1.3181576585553323,0.00013181576585553323,1018.6905456681819,200.0000000000002,1218.690545668182,0.0,1218.690545668182,PCG
39.50383196694013,2019-12-31,253.13999938964844,2020-01-31,258.2027993774414,267.9100036621094,258.2027993774414,9.894514795295493,Called,9.894514795295493,5.062799987792971,14.957314783088464,0.0,14.957314783088464,0.0014957314783088464,390.8712498677562,200.00000000000009,590.8712498677563,0.0,590.8712498677563,ULTA
382.7018875306623,2019-12-31,26.1299991607666,2020-01-31,26.652599143981934,31.520000457763672,26.652599143981934,1.5393578787051236,Called,1.5393578787051236,0.5225999832153327,2.0619578619204564,0.0,2.0619578619204564,0.00020619578619204563,589.1151657656471,200.00000000000028,789.1151657656474,0.0,789.1151657656474,ENPH
93.01108998577428,2019-12-31,107.5140609741211,2020-01-31,107.82225799560548,107.82225799560548,109.66434219360352,2.3999126814582397,Not Called,2.3999126814582397,0.3081970214843892,2.3999126814582397,0.3081970214843892,2.708109702942629,0.00027081097029426287,223.21849437311317,28.665740898632134,223.21849437311317,28.665740898632134,251.8842352717453,EXPE
786.6273589045841,2019-12-31,12.712499618530272,2020-01-31,12.966749610900877,13.958749771118164,12.966749610900877,0.12853394117581818,Called,0.12853394117581818,0.25424999237060497,0.38278393354642315,0.0,0.38278393354642315,3.827839335464232e-05,101.10831467673103,199.99999999999963,301.1083146767307,0.0,301.1083146767307,ANET
185.16237307098984,2020-03-17,54.00665283203125,2020-04-16,55.086785888671876,58.09806823730469,55.086785888671876,5.503618658095853,Called,5.503618658095853,1.0801330566406264,6.583751714736479,0.0,6.583751714736479,0.0006583751714736479,1019.0630912108048,200.00000000000028,1219.0630912108052,0.0,1219.0630912108052,EXPE
2516.1954091460734,2020-03-17,3.9742541313171382,2020-04-16,4.053739213943481,6.674253463745117,4.053739213943481,0.8875122887384339,Called,0.8875122887384339,0.07948508262634268,0.9669973713647766,0.0,0.9669973713647766,9.669973713647766e-05,2233.1543464843717,199.99999999999977,2433.1543464843717,0.0,2433.1543464843717,APA
326.6282773611644,2020-03-17,30.615842819213867,2020-04-16,31.228159675598146,37.08490753173828,31.228159675598146,2.9433999092877468,Called,2.9433999092877468,0.6123168563842789,3.5557167656720257,0.0,3.5557167656720257,0.00035557167656720255,961.3976419556643,200.0000000000005,1161.3976419556648,0.0,1161.3976419556648,TKO
1121.218873862449,2020-03-17,8.918865203857422,2020-04-16,9.09724250793457,12.141408920288086,9.09724250793457,1.2993397703529168,Called,1.2993397703529168,0.17837730407714858,1.4777170744300654,0.0,1.4777170744300654,0.00014777170744300654,1456.8442740797905,200.00000000000017,1656.8442740797907,0.0,1656.8442740797907,EQT
341.53004663558494,2020-03-17,29.280000686645508,2020-04-16,29.86560070037842,38.790000915527344,29.86560070037842,5.561524023636274,Called,5.561524023636274,0.5856000137329112,6.147124037369185,0.0,6.147124037369185,0.0006147124037369185,1899.4275591574226,200.0000000000003,2099.427559157423,0.0,2099.427559157423,ENPH
600.0390268913593,2020-06-01,16.66558265686035,2020-06-30,16.99889430999756,18.287494659423828,16.99889430999756,1.699321597708221,Called,1.699321597708221,0.33331165313720845,2.0326332508454295,0.0,2.0326332508454295,0.00020326332508454294,1019.6592778643109,200.00000000000085,1219.6592778643117,0.0,1219.6592778643117,TRGP
277.0850639434795,2020-06-01,36.09000015258789,2020-06-30,36.81180015563965,40.060001373291016,36.81180015563965,4.546920848749318,Called,4.546920848749318,0.7218000030517615,5.2687208518010795,0.0,5.2687208518010795,0.0005268720851801079,1259.8838541216448,200.00000000000102,1459.883854121646,0.0,1459.883854121646,CZR
953.8913170342089,2020-06-01,10.48337459564209,2020-06-30,10.693042087554932,12.065267562866213,10.693042087554932,1.2846729299133282,Called,1.2846729299133282,0.2096674919128425,1.4943404218261707,0.0,1.4943404218261707,0.00014943404218261707,1225.4383530732205,200.00000000000068,1425.4383530732212,0.0,1425.4383530732212,APA
578.3689687962634,2020-06-01,17.290000915527344,2020-06-30,16.43000030517578,16.43000030517578,17.635800933837892,2.991048239592115,Not Called,2.991048239592115,-0.8600006103515625,2.991048239592115,-0.8600006103515625,2.1310476292405527,0.00021310476292405527,1729.9294859527706,-497.3976661731903,1729.9294859527706,-497.3976661731903,1232.5318197795802,NCLH
757.297442130708,2020-06-01,13.204851150512695,2020-06-30,13.46894817352295,17.50815773010254,13.46894817352295,1.2663640500701128,Called,1.2663640500701128,0.2640970230102546,1.5304610730803674,0.0,1.5304610730803674,0.00015304610730803675,959.0142559243802,200.00000000000054,1159.0142559243807,0.0,1159.0142559243807,OXY
651.8904759145637,2020-08-13,15.34000015258789,2020-09-14,15.64680015563965,17.790000915527344,15.64680015563965,1.6033186245185096,Called,1.6033186245185096,0.3068000030517588,1.9101186275702684,0.0,1.9101186275702684,0.00019101186275702684,1045.1881411800548,200.00000000000065,1245.1881411800555,0.0,1245.1881411800555,NCLH
715.9088891892962,2020-08-13,13.968257904052734,2020-09-14,9.739476203918455,9.739476203918455,14.247623062133789,0.9338091659794712,Not Called,0.9338091659794712,-4.228781700134279,0.9338091659794712,-4.228781700134279,-3.294972534154808,-0.0003294972534154808,668.5222827311463,-3027.4224095671552,668.5222827311463,-3027.4224095671552,-2358.900126836009,OXY
279.25159498760945,2020-08-13,35.810001373291016,2020-09-14,36.52620140075684,36.7400016784668,36.52620140075684,2.82385012422443,Called,2.82385012422443,0.716200027465824,3.540050151690254,0.0,3.540050151690254,0.0003540050151690254,788.5646511956312,200.00000000000105,988.5646511956322,0.0,988.5646511956322,UAL
657.0302118629438,2020-08-13,15.220000267028809,2020-09-14,15.524400272369386,17.850000381469727,15.524400272369386,1.4192324329659778,Called,1.4192324329659778,0.3044000053405771,1.7236324383065549,0.0,1.7236324383065549,0.00017236324383065548,932.4785861143976,200.0000000000006,1132.4785861143982,0.0,1132.4785861143982,CCL
172.33660387023687,2020-08-13,58.025978088378906,2020-09-14,59.186497650146485,70.36518096923828,59.186497650146485,5.474048439056634,Called,5.474048439056634,1.160519561767579,6.634568000824213,0.0,6.634568000824213,0.0006634568000824213,943.3789174081917,200.00000000000014,1143.378917408192,0.0,1143.378917408192,RCL
1126.4339910257058,2020-10-27,8.877573013305664,2020-11-25,9.055124473571777,16.01219367980957,9.055124473571777,0.5653527883817553,Called,0.5653527883817553,0.17755146026611257,0.7429042486478679,0.0,0.7429042486478679,7.429042486478678e-05,636.8325977543719,199.9999999999992,836.8325977543711,0.0,836.8325977543711,OXY
70.64142534942368,2020-10-27,141.55999755859375,2020-11-25,144.39119750976562,191.3333282470703,144.39119750976562,8.016189485361998,Called,8.016189485361998,2.831199951171868,10.847389436533867,0.0,10.847389436533867,0.0010847389436533866,566.2750511170346,199.99999999999952,766.2750511170342,0.0,766.2750511170342,TSLA
40.23833057100043,2020-10-27,248.51925659179688,2020-11-25,245.0640106201172,245.0640106201172,253.48964172363281,6.663628492594711,Not Called,6.663628492594711,-3.4552459716796875,6.663628492594711,-3.4552459716796875,3.2083825209150234,0.00032083825209150234,268.1332860873633,-139.03332961256487,268.1332860873633,-139.03332961256487,129.09995647479843,CRM
101.38903253039943,2020-10-27,98.62999725341795,2020-11-25,100.60259719848632,139.07000732421875,100.60259719848632,7.573041240607822,Called,7.573041240607822,1.9725999450683673,9.545641185676189,0.0,9.545641185676189,0.0009545641185676189,767.8233246980429,200.00000000000082,967.8233246980437,0.0,967.8233246980437,ENPH
318.97926246631795,2020-10-27,31.350000381469727,2020-11-25,31.97700038909912,37.33000183105469,31.97700038909912,1.0907552263441875,Called,1.0907552263441875,0.6270000076293947,1.7177552339735822,0.0,1.7177552339735822,0.0001717755233973582,347.9282976305506,200.00000000000003,547.9282976305507,0.0,547.9282976305507,BLDR
46.73188089616882,2021-01-12,213.98667907714844,2021-02-11,218.26641265869142,239.5236968994141,218.26641265869142,6.114857080343782,Called,6.114857080343782,4.279733581542985,10.394590661886767,0.0,10.394590661886767,0.0010394590661886767,285.7587727757202,200.00000000000077,485.75877277572096,0.0,485.75877277572096,CRM
37.39855436691579,2021-01-12,267.3900146484375,2021-02-11,272.73781494140627,278.8099975585937,272.73781494140627,4.950302489719107,Called,4.950302489719107,5.3478002929687705,10.298102782687877,0.0,10.298102782687877,0.0010298102782687877,185.1341567944386,200.00000000000074,385.1341567944394,0.0,385.1341567944394,BIIB
496.7710092849887,2021-01-12,20.1299991607666,2021-02-11,20.532599143981933,20.71999931335449,20.532599143981933,1.1020801250863315,Called,1.1020801250863315,0.40259998321533175,1.5046801083016632,0.0,1.5046801083016632,0.0001504680108301663,547.4814560520634,199.99999999999986,747.4814560520633,0.0,747.4814560520633,CCL
381.97096575369414,2021-01-12,26.18000030517578,2021-02-11,26.7036003112793,33.11000061035156,26.7036003112793,2.757733546109465,Called,2.757733546109465,0.5236000061035178,3.281333552212983,0.0,3.281333552212983,0.00032813335522129827,1053.374145898792,200.00000000000082,1253.374145898793,0.0,1253.374145898793,PLTR
192.39363192226517,2021-01-12,51.97677230834961,2021-02-11,53.0163077545166,56.027774810791016,53.0163077545166,3.88264519370383,Called,3.88264519370383,1.039535446166994,4.922180639870824,0.0,4.922180639870824,0.0004922180639870823,746.9962102822067,200.0000000000003,946.9962102822069,0.0,946.9962102822069,FANG
460.1932908725159,2021-03-29,21.729999542236328,2021-04-28,22.164599533081056,23.850000381469727,22.164599533081056,2.0116938013128447,Called,2.0116938013128447,0.43459999084472756,2.4462937921575723,0.0,2.4462937921575723,0.0002446293792157572,925.7679906539992,200.00000000000045,1125.7679906539995,0.0,1125.7679906539995,PLTR
76.93491559240977,2021-03-29,129.97999572753906,2021-04-28,132.57959564208986,162.4499969482422,132.57959564208986,10.497463184567138,Called,10.497463184567138,2.5995999145507938,13.097063099117932,0.0,13.097063099117932,0.0013097063099117932,807.6214440391018,200.00000000000097,1007.6214440391028,0.0,1007.6214440391028,DASH
386.4102812988252,2021-03-29,25.879228591918945,2021-04-28,25.01658821105957,25.01658821105957,26.396813163757326,1.7109081737139462,Not Called,1.7109081737139462,-0.862640380859375,1.7109081737139462,-0.862640380859375,0.8482677928545712,8.482677928545712e-05,661.1125086812652,-333.3331122275968,661.1125086812652,-333.3331122275968,327.7793964536685,OXY
54.794520547945204,2021-03-29,182.5,2021-04-28,180.0,180.0,186.15,13.663873156537193,Not Called,13.663873156537193,-2.5,13.663873156537193,-2.5,11.163873156537193,0.0011163873156537192,748.7053784403942,-136.986301369863,748.7053784403942,-136.986301369863,611.7190770705311,ABNB
619.3530583427869,2021-03-29,16.1458797454834,2021-04-28,16.468797340393067,18.447452545166016,16.468797340393067,1.1075650304331601,Called,1.1075650304331601,0.32291759490966854,1.4304826253428287,0.0,1.4304826253428287,0.00014304826253428286,685.9737889122996,200.00000000000037,885.9737889122999,0.0,885.9737889122999,APA
368.1433745876812,2021-06-11,27.163330078125,2021-07-13,27.7065966796875,28.84125518798828,27.7065966796875,1.5337404204101013,Called,1.5337404204101013,0.5432666015625003,2.0770070219726016,0.0,2.0770070219726016,0.00020770070219726014,564.6363741113036,200.00000000000009,764.6363741113037,0.0,764.6363741113037,OXY
67.36728533770606,2021-06-11,148.44000244140625,2021-07-13,143.41000366210938,143.41000366210938,151.40880249023436,7.105212458666145,Not Called,7.105212458666145,-5.029998779296875,7.105212458666145,-5.029998779296875,2.07521367936927,0.000207521367936927,478.65887508798625,-338.85736301320577,478.65887508798625,-338.85736301320577,139.80151207478048,ABNB
262.0203525956102,2021-06-11,38.16497421264648,2021-07-13,38.5909423828125,38.5909423828125,38.92827369689941,1.1395712524446893,Not Called,1.1395712524446893,0.42596817016602273,1.1395712524446893,0.42596817016602273,1.565539422610712,0.0001565539422610712,298.5908613733786,111.61233014140815,298.5908613733786,111.61233014140815,410.20319151478674,PARA
324.78076332102404,2021-06-11,30.790000915527344,2021-07-13,29.100000381469727,29.100000381469727,31.40580093383789,0.9442953494119877,Not Called,0.9442953494119877,-1.6900005340576172,0.9442953494119877,-1.6900005340576172,-0.7457051846456295,-7.457051846456295e-05,306.68896438251846,-548.8796634641712,306.68896438251846,-548.8796634641712,-242.19069908165272,WBD
67.96710166607345,2021-06-11,147.1300048828125,2021-07-13,150.07260498046875,184.05999755859372,150.07260498046875,7.8772061380176055,Called,7.8772061380176055,2.9426000976562534,10.819806235673859,0.0,10.819806235673859,0.0010819806235673858,535.3908704272603,200.00000000000023,735.3908704272606,0.0,735.3908704272606,ENPH
62.36357729568401,2021-08-25,160.35000610351562,2021-09-24,163.55700622558595,175.8800048828125,163.55700622558595,5.836150032033544,Called,5.836150032033544,3.207000122070326,9.04315015410387,0.0,9.04315015410387,0.000904315015410387,363.9631936319326,200.00000000000085,563.9631936319334,0.0,563.9631936319334,ABNB
269.3110677208273,2021-08-25,37.13178253173828,2021-09-24,36.46034240722656,36.46034240722656,37.87441818237305,1.3013656433563572,Not Called,1.3013656433563572,-0.6714401245117188,1.3013656433563572,-0.6714401245117188,0.6299255188446384,6.299255188446384e-05,350.4721709075019,-180.8262568428562,350.4721709075019,-180.8262568428562,169.6459140646457,PARA
347.94711480997825,2021-08-25,28.739999771118164,2021-09-24,25.299999237060547,25.299999237060547,29.314799766540528,0.7367265226587065,Not Called,0.7367265226587065,-3.440000534057617,0.7367265226587065,-3.440000534057617,-2.7032740113989107,-0.00027032740113989105,256.341867963085,-1196.9382607701323,256.341867963085,-1196.9382607701323,-940.5963928070472,WBD
29.175784099197667,2021-08-25,342.75,2021-09-24,291.7099914550781,291.7099914550781,349.605,7.726707342725717,Not Called,7.726707342725717,-51.040008544921875,7.726707342725717,-51.040008544921875,-43.31330120219616,-0.004331330120219616,225.43274522905085,-1489.1322697278447,225.43274522905085,-1489.1322697278447,-1263.6995244987938,BIIB
423.9831308591657,2021-08-25,23.585844039916992,2021-09-24,24.057560920715332,27.15913391113281,24.057560920715332,1.0812009951032255,Called,1.0812009951032255,0.47171688079833984,1.5529178759015654,0.0,1.5529178759015654,0.00015529178759015653,458.41098299191106,200.0,658.410982991911,0.0,658.410982991911,DVN
306.0291277754261,2021-11-08,32.67662811279297,2021-12-08,29.029685974121094,29.029685974121094,33.33016067504883,0.7548621141820888,Not Called,0.7548621141820888,-3.646942138671875,0.7548621141820888,-3.646942138671875,-2.892080024489786,-0.00028920800244897863,231.00979439385875,-1116.070521745201,231.00979439385875,-1116.070521745201,-885.0607273513423,PARA
380.5174938629898,2021-11-08,26.280000686645508,2021-12-08,24.030000686645508,24.030000686645508,26.805600700378417,0.9162734036970246,Not Called,0.9162734036970246,-2.25,0.9162734036970246,-2.25,-1.3337265963029754,-0.00013337265963029755,348.65805926810333,-856.164361191727,348.65805926810333,-856.164361191727,-507.5063019236237,WBD
36.67033205854093,2021-11-08,272.70001220703125,2021-12-08,234.72000122070312,234.72000122070312,278.15401245117187,5.883276600864406,Not Called,5.883276600864406,-37.980010986328125,5.883276600864406,-37.980010986328125,-32.09673438546372,-0.003209673438546372,215.74170654594172,-1392.739614455685,215.74170654594172,-1392.739614455685,-1176.9979079097432,BIIB
360.9248064829444,2021-11-08,27.706602096557617,2021-12-08,24.064802169799805,24.064802169799805,28.26073413848877,1.2224017674290462,Not Called,1.2224017674290462,-3.6417999267578125,1.2224017674290462,-3.6417999267578125,-2.4193981593287663,-0.00024193981593287664,441.1951213537377,-1314.4159338146646,441.1951213537377,-1314.4159338146646,-873.2208124609269,APA
40.86970859628366,2021-11-08,244.67999267578125,2021-12-08,249.5735925292969,283.3999938964844,249.5735925292969,23.60849353519494,Called,23.60849353519494,4.893599853515639,28.502093388710577,0.0,28.502093388710577,0.0028502093388710578,964.8722511806637,200.00000000000054,1164.8722511806643,0.0,1164.8722511806643,MRNA
334.2947103266529,2022-01-24,29.913724899291992,2022-02-23,26.09984016418457,26.09984016418457,30.511999397277833,1.5586947386952126,Not Called,1.5586947386952126,-3.813884735107422,1.5586947386952126,-3.813884735107422,-2.2551899964122093,-0.00022551899964122092,521.063406159794,-1274.9614927419789,521.063406159794,-1274.9614927419789,-753.8980865821849,PARA
372.023821138944,2022-01-24,26.8799991607666,2022-02-23,27.417599143981935,28.209999084472656,27.417599143981935,1.9957852984168305,Called,1.9957852984168305,0.5375999832153333,2.533385281632164,0.0,2.533385281632164,0.0002533385281632164,742.479672889957,200.00000000000045,942.4796728899574,0.0,942.4796728899574,WBD
44.50576301278807,2022-01-24,224.69000244140625,2022-02-23,209.0800018310547,209.0800018310547,229.18380249023437,10.46568812123428,Not Called,10.46568812123428,-15.610000610351562,10.46568812123428,-15.610000610351562,-5.144312489117283,-0.0005144312489117283,465.7834352894041,-694.7349877937838,465.7834352894041,-694.7349877937838,-228.95155250437972,BIIB
360.9441131717532,2022-01-24,27.70512008666992,2022-02-23,27.96819877624512,27.96819877624512,28.259222488403317,1.4987158072019362,Not Called,1.4987158072019362,0.2630786895752024,1.4987158072019362,0.2630786895752024,1.7617944967771386,0.00017617944967771387,540.9526479269911,94.9567043031084,540.9526479269911,94.9567043031084,635.9093522300996,APA
63.5727896121503,2022-01-24,157.3000030517578,2022-02-23,135.72999572753906,135.72999572753906,160.44600311279297,11.104737876055083,Not Called,11.104737876055083,-21.57000732421875,11.104737876055083,-21.57000732421875,-10.465269448163667,-0.0010465269448163667,705.9591646925265,-1371.2655375550996,705.9591646925265,-1371.2655375550996,-665.3063728625731,MRNA
305.8973195359963,2022-04-07,32.69070816040039,2022-05-09,25.40450668334961,25.40450668334961,33.3445223236084,1.6601936096228922,Not Called,1.6601936096228922,-7.286201477050781,1.6601936096228922,-7.286201477050781,-5.626007867427889,-0.0005626007867427889,507.84877509443294,-2228.829501429051,507.84877509443294,-2228.829501429051,-1720.980726334618,PARA
47.250047386312325,2022-04-07,211.63999938964844,2022-05-09,187.5399932861328,187.5399932861328,215.8727993774414,4.020105955610319,Not Called,4.020105955610319,-24.100006103515625,4.020105955610319,-24.100006103515625,-20.079900147905306,-0.0020079900147905306,189.95019690058396,-1138.7264304015296,189.95019690058396,-1138.7264304015296,-948.7762335009455,BIIB
268.85940900241695,2022-04-07,37.19416046142578,2022-05-09,34.14254379272461,34.14254379272461,37.938043670654295,1.6648903206222592,Not Called,1.6648903206222592,-3.051616668701172,1.6648903206222592,-3.051616668701172,-1.3867263480789127,-0.00013867263480789126,447.6214276563451,-820.4558540489215,447.6214276563451,-820.4558540489215,-372.8344263925764,APA
62.893081761006286,2022-04-07,159.0,2022-05-09,135.8000030517578,135.8000030517578,162.18,13.87382878182261,Not Called,13.87382878182261,-23.199996948242188,13.87382878182261,-23.199996948242188,-9.326168166419578,-0.0009326168166419578,872.5678479133717,-1459.1193049208923,872.5678479133717,-1459.1193049208923,-586.5514570075205,MRNA
90.16319240656864,2022-04-07,110.91000366210938,2022-05-09,64.18000030517578,64.18000030517578,113.12820373535156,12.642443710891861,Not Called,12.642443710891861,-46.730003356933594,12.642443710891861,-46.730003356933594,-34.08755964604173,-0.0034087559646041733,1139.8830847943566,-4213.326283830802,1139.8830847943566,-4213.326283830802,-3073.4431990364455,DASH
436.4108312272539,2022-06-23,22.91418838500977,2022-07-25,23.372472152709964,23.680482864379883,23.372472152709964,1.5629734172593857,Called,1.5629734172593857,0.45828376770019474,2.0212571849595804,0.0,2.0212571849595804,0.00020212571849595804,682.09852821227,199.99999999999972,882.0985282122697,0.0,882.0985282122697,PARA
47.308164296542266,2022-06-23,211.3800048828125,2022-07-25,207.57000732421875,207.57000732421875,215.60760498046875,6.7899765474711415,Not Called,6.7899765474711415,-3.80999755859375,6.7899765474711415,-3.80999755859375,2.9799789888773915,0.00029799789888773913,321.22132607743356,-180.24399047137805,321.22132607743356,-180.24399047137805,140.97733560605553,BIIB
303.5667096599072,2022-06-23,32.941688537597656,2022-07-25,31.434619903564453,31.434619903564453,33.60052230834961,2.1765507098687866,Not Called,2.1765507098687866,-1.5070686340332031,2.1765507098687866,-1.5070686340332031,0.6694820758355835,6.694820758355834e-05,660.7283374028028,-457.4958664651103,660.7283374028028,-457.4958664651103,203.23247093769254,APA
69.8031577791442,2022-06-23,143.25999450683594,2022-07-25,146.12519439697266,165.69000244140625,146.12519439697266,11.455374175070453,Called,11.455374175070453,2.865199890136722,14.320574065207175,0.0,14.320574065207175,0.0014320574065207175,799.6212909615767,200.00000000000026,999.621290961577,0.0,999.621290961577,MRNA
142.3082464454153,2022-06-23,70.2699966430664,2022-07-25,71.67539657592773,71.76000213623047,71.67539657592773,8.570187139571964,Called,8.570187139571964,1.4053999328613287,9.975587072433292,0.0,9.975587072433292,0.0009975587072433292,1219.6083035415359,200.00000000000009,1419.6083035415359,0.0,1419.6083035415359,DASH
49.83305970621945,2022-09-07,200.6699981689453,2022-10-06,204.6833981323242,262.260009765625,204.6833981323242,4.161881186850096,Called,4.161881186850096,4.013399963378902,8.175281150228997,0.0,8.175281150228997,0.0008175281150228997,207.3992736744923,199.99999999999977,407.39927367449206,0.0,407.39927367449206,BIIB
298.688100843695,2022-09-07,33.479740142822266,2022-10-06,34.14933494567871,38.52863311767578,34.14933494567871,2.055778670136567,Called,2.055778670136567,0.6695948028564445,2.7253734729930112,0.0,2.7253734729930112,0.00027253734729930113,614.0366267380681,199.99999999999974,814.0366267380678,0.0,814.0366267380678,APA
1018.3299705468067,2022-09-07,9.81999969482422,2022-10-06,6.980000019073486,6.980000019073486,10.016399688720705,0.5946320611550302,Not Called,0.5946320611550302,-2.839999675750734,0.5946320611550302,-2.839999675750734,-2.245367614595704,-0.0002245367614595704,605.5316493221889,-2892.0567861601858,605.5316493221889,-2892.0567861601858,-2286.525136837997,CCL
712.2507141859123,2022-09-07,14.039999961853027,2022-10-06,13.289999961853027,13.289999961853027,14.320799961090088,1.0214503424665562,Not Called,1.0214503424665562,-0.75,1.0214503424665562,-0.75,0.2714503424665562,2.714503424665562e-05,727.5287359272494,-534.1880356394342,727.5287359272494,-534.1880356394342,193.34070028781514,NCLH
230.2281607585276,2022-09-07,43.43517303466797,2022-10-06,43.663307189941406,43.663307189941406,44.30387649536133,3.0722832859211344,Not Called,3.0722832859211344,0.2281341552734375,3.0722832859211344,0.2281341552734375,3.300417441194572,0.0003300417441194572,707.3261302467884,52.52290697480387,707.3261302467884,52.52290697480387,759.8490372215922,RCL
1055.9661793058722,2022-11-18,9.470000267028809,2022-12-20,8.100000381469727,8.100000381469727,9.659400272369385,0.8665192280717164,Not Called,0.8665192280717164,-1.369999885559082,0.8665192280717164,-1.369999885559082,-0.5034806574873656,-5.034806574873656e-05,915.014998561964,-1446.673544803306,915.014998561964,-1446.673544803306,-531.6585462413419,CCL
610.8735178579439,2022-11-18,16.3700008392334,2022-12-20,13.59000015258789,13.59000015258789,16.697400856018067,1.2178693432901015,Not Called,1.2178693432901015,-2.780000686645508,1.2178693432901015,-2.780000686645508,-1.5621313433554063,-0.00015621313433554062,743.9641300269682,-1698.2287990986408,743.9641300269682,-1698.2287990986408,-954.2646690716726,NCLH
171.77868763190043,2022-11-18,58.21443939208984,2022-12-20,50.46772384643555,50.46772384643555,59.378728179931635,4.133840993585046,Not Called,4.133840993585046,-7.74671554565429,4.133840993585046,-7.74671554565429,-3.6128745520692434,-0.00036128745520692436,710.1057807569906,-1330.7206298901353,710.1057807569906,-1330.7206298901353,-620.6148491331447,RCL
33.0152844807609,2022-11-18,302.8900146484375,2022-12-20,287.510009765625,287.510009765625,308.94781494140625,7.604268082469389,Not Called,7.604268082469389,-15.3800048828125,7.604268082469389,-15.3800048828125,-7.775736800343111,-0.0007775736800343111,251.05707401069705,-507.77523652154633,251.05707401069705,-507.77523652154633,-256.7181625108493,BIIB
150.24039012616927,2022-11-18,66.55999755859375,2022-12-20,57.7599983215332,57.7599983215332,67.89119750976563,3.4930925934769554,Not Called,3.4930925934769554,-8.799999237060547,3.4930925934769554,-8.799999237060547,-5.306906643583591,-0.0005306906643583591,524.8035939908102,-1322.1153184859686,524.8035939908102,-1322.1153184859686,-797.3117244951584,KMX
842.4599912731167,2023-02-06,11.869999885559082,2023-03-08,10.529999732971191,10.529999732971191,12.107399883270263,0.6536412793610351,Not Called,0.6536412793610351,-1.3400001525878906,0.6536412793610351,-1.3400001525878906,-0.6863588732268555,-6.863588732268555e-05,550.6666265062464,-1128.8965168551692,550.6666265062464,-1128.8965168551692,-578.2298903489228,CCL
602.7727491274369,2023-02-06,16.59000015258789,2023-03-08,15.279999732971191,15.279999732971191,16.921800155639648,0.8763552279772293,Not Called,0.8763552279772293,-1.3100004196166992,0.8763552279772293,-1.3100004196166992,-0.4336451916394699,-4.336451916394699e-05,528.2430499800362,-789.6325542904538,528.2430499800362,-789.6325542904538,-261.38950431041746,NCLH
145.92113943889743,2023-02-06,68.53016662597656,2023-03-08,69.9007699584961,71.6149673461914,69.9007699584961,2.8452858218677193,Called,2.8452858218677193,1.3706033325195364,4.215889154387256,0.0,4.215889154387256,0.00042158891543872556,415.1873491562773,200.00000000000077,615.1873491562781,0.0,615.1873491562781,RCL
34.68849744118342,2023-02-06,288.2799987792969,2023-03-08,263.0199890136719,263.0199890136719,294.0455987548828,5.131874800765644,Not Called,5.131874800765644,-25.260009765625,5.131874800765644,-25.260009765625,-20.128134964859356,-0.0020128134964859357,178.01702589483273,-876.231784119151,178.01702589483273,-876.231784119151,-698.2147582243183,BIIB
128.43565273065886,2023-02-06,77.86000061035156,2023-03-08,70.4800033569336,70.4800033569336,79.4172006225586,4.08770470423071,Not Called,4.08770470423071,-7.379997253417969,4.08770470423071,-7.379997253417969,-3.292292549187259,-0.0003292292549187259,525.007021858056,-947.8547643932064,525.007021858056,-947.8547643932064,-422.8477425351504,KMX
1066.0980680164987,2023-04-21,9.380000114440918,2023-05-22,9.567600116729736,11.220000267028809,9.567600116729736,0.4735560713536051,Called,0.4735560713536051,0.1876000022888178,0.6611560736424229,0.0,0.6611560736424229,6.611560736424229e-05,504.85721276756163,199.99999999999937,704.857212767561,0.0,704.857212767561,CCL
766.8711678875624,2023-04-21,13.039999961853027,2023-05-22,13.300799961090089,14.329999923706056,13.300799961090089,0.5433660786483783,Called,0.5433660786483783,0.26079999923706154,0.8041660778854398,0.0,0.8041660778854398,8.041660778854398e-05,416.6917793235669,200.00000000000077,616.6917793235676,0.0,616.6917793235676,NCLH
34.014763536771405,2023-04-21,293.989990234375,2023-05-22,299.8697900390625,306.8699951171875,299.8697900390625,3.807664361180912,Called,3.807664361180912,5.8797998046874795,9.687464165868391,0.0,9.687464165868391,0.0009687464165868392,129.51680287296045,199.99999999999932,329.5168028729598,0.0,329.5168028729598,BIIB
144.59224219906585,2023-04-21,69.16000366210938,2023-05-22,70.54320373535157,72.20999908447266,70.54320373535157,3.3049721390622153,Called,3.3049721390622153,1.3832000732421932,4.6881722123044085,0.0,4.6881722123044085,0.0004688172212304409,477.8733319924486,200.00000000000082,677.8733319924494,0.0,677.8733319924494,KMX
1222.493841922309,2023-04-21,8.180000305175781,2023-05-22,8.343600311279298,11.84000015258789,8.343600311279298,0.3545412321844479,Called,0.3545412321844479,0.16360000610351655,0.5181412382879644,0.0,0.5181412382879644,5.181412382879644e-05,433.42447305303506,200.00000000000114,633.4244730530362,0.0,633.4244730530362,PLTR
632.3430680171515,2023-07-07,15.814200401306152,2023-08-07,15.620040893554688,15.620040893554688,16.130484409332276,0.6367540327295771,Not Called,0.6367540327295771,-0.19415950775146484,0.6367540327295771,-0.19415950775146484,0.44259452497811225,4.4259452497811225e-05,402.6469986285145,-122.77541881626118,402.6469986285145,-122.77541881626118,279.8715798122533,PARA
60.17933507968739,2023-07-07,166.1699981689453,2023-08-07,135.4499969482422,135.4499969482422,169.49339813232422,6.1237371594971535,Not Called,6.1237371594971535,-30.720001220703125,6.1237371594971535,-30.720001220703125,-24.59626406120597,-0.002459626406120597,368.52243046131224,-1848.7092471090991,368.52243046131224,-1848.7092471090991,-1480.1868166477868,ENPH
384.6006004102695,2023-07-07,26.000999450683597,2023-08-07,26.52101943969727,35.32899856567383,26.52101943969727,2.3932619416438943,Called,2.3932619416438943,0.5200199890136723,2.9132819306575666,0.0,2.9132819306575666,0.0002913281930657567,920.4499796952891,200.0000000000001,1120.4499796952894,0.0,1120.4499796952894,SMCI
651.8904759145637,2023-07-07,15.34000015258789,2023-08-07,15.64680015563965,17.989999771118164,15.64680015563965,0.8805431619928097,Called,0.8805431619928097,0.3068000030517588,1.1873431650445685,0.0,1.1873431650445685,0.00011873431650445684,574.0177009348074,200.00000000000065,774.0177009348081,0.0,774.0177009348081,PLTR
52.87088945897129,2023-07-07,189.13999938964844,2023-08-07,192.9227993774414,195.6000061035156,192.9227993774414,4.818501396073657,Called,4.818501396073657,3.78279998779297,8.601301383866627,0.0,8.601301383866627,0.0008601301383866627,254.75845466970915,200.00000000000006,454.75845466970924,0.0,454.75845466970924,FSLR
775.1017372034509,2023-09-20,12.901532173156738,2023-10-19,11.478856086730955,11.478856086730955,13.159562816619873,0.558687924759492,Not Called,0.558687924759492,-1.422676086425783,0.558687924759492,-1.422676086425783,-0.863988161666291,-8.63988161666291e-05,433.0399810356731,-1102.7187060664312,433.0399810356731,-1102.7187060664312,-669.6787250307581,PARA
80.66467614368297,2023-09-20,123.97000122070312,2023-10-19,115.9000015258789,115.9000015258789,126.44940124511719,4.093479327047646,Not Called,4.093479327047646,-8.069999694824219,4.093479327047646,-8.069999694824219,-3.9765203677765726,-0.0003976520367776573,330.19918421715965,-650.963911862616,330.19918421715965,-650.963911862616,-320.76472764545633,ENPH
90.72763463299304,2023-09-20,110.22000122070312,2023-10-19,93.95999908447266,93.95999908447266,112.4244012451172,2.742840983494567,Not Called,2.742840983494567,-16.26000213623047,2.742840983494567,-16.26000213623047,-13.517161152735902,-0.0013517161152735901,248.85147460689436,-1475.2315329476044,248.85147460689436,-1475.2315329476044,-1226.38005834071,GNRC
166.25103485155532,2023-09-20,60.150001525878906,2023-10-19,57.77000045776367,57.77000045776367,61.353001556396485,1.233544696189309,Not Called,1.233544696189309,-2.3800010681152344,1.233544696189309,-2.3800010681152344,-1.1464563719259253,-0.00011464563719259254,205.07808227712005,-395.6776405219647,205.07808227712005,-395.6776405219647,-190.59955824484467,FTNT
37.69700388888403,2023-09-20,265.2730712890625,2023-10-19,262.32867431640625,262.32867431640625,270.57853271484373,4.139901028343431,Not Called,4.139901028343431,-2.94439697265625,4.139901028343431,-2.94439697265625,1.1955040556871808,0.00011955040556871807,156.06186516505733,-110.99494412864104,156.06186516505733,-110.99494412864104,45.06692103641629,PAYC
643.4073808725689,2023-12-04,15.54225254058838,2024-01-04,14.16460132598877,14.16460132598877,15.853097591400148,1.240097726381924,Not Called,1.240097726381924,-1.3776512145996112,1.240097726381924,-1.3776512145996112,-0.1375534882176872,-1.375534882176872e-05,797.8880301574212,-886.3909597414491,797.8880301574212,-886.3909597414491,-88.50292958402788,PARA
91.85266600274747,2023-12-04,108.87000274658205,2024-01-04,111.04740280151368,118.06999969482422,111.04740280151368,8.64143827500731,Called,8.64143827500731,2.1774000549316384,10.818838329938949,0.0,10.818838329938949,0.0010818838329938948,793.7391436576047,199.99999999999977,993.7391436576045,0.0,993.7391436576045,ENPH
81.38682979135993,2023-12-04,122.87000274658205,2024-01-04,116.33000183105467,116.33000183105467,125.32740280151368,6.257683779269634,Not Called,6.257683779269634,-6.540000915527372,6.257683779269634,-6.540000915527372,-0.28231713625773835,-2.8231713625773835e-05,509.2930446315716,-532.2699413473644,509.2930446315716,-532.2699413473644,-22.97689671579272,GNRC
191.38755980861245,2023-12-04,52.25,2024-01-04,53.295,58.38999938964844,53.295,2.1056915206097955,Called,2.1056915206097955,1.0450000000000017,3.150691520609797,0.0,3.150691520609797,0.0003150691520609797,403.00316183919534,200.00000000000034,603.0031618391956,0.0,603.0031618391956,FTNT
54.24011613423302,2023-12-04,184.36538696289065,2024-01-04,188.05269470214847,194.56390380859372,188.05269470214847,23.772064282439345,Called,23.772064282439345,3.687307739257818,27.459372021697163,0.0,27.459372021697163,0.0027459372021697162,1289.3995274299627,200.00000000000026,1489.399527429963,0.0,1489.399527429963,PAYC
856.0440698896057,2024-02-20,11.681641578674316,2024-03-20,11.915274410247802,12.281641006469728,11.915274410247802,0.5510047811436243,Called,0.5510047811436243,0.2336328315734857,0.78463761271711,0.0,0.78463761271711,7.846376127171099e-05,471.6843753788196,199.99999999999946,671.684375378819,0.0,671.684375378819,PARA
87.42022950744885,2024-02-20,114.38999938964844,2024-03-20,116.6777993774414,118.31999969482422,116.6777993774414,4.510882691310954,Called,4.510882691310954,2.2877999877929653,6.798682679103919,0.0,6.798682679103919,0.0006798682679103919,394.34240015558214,199.99999999999972,594.3424001555818,0.0,594.3424001555818,GNRC
78.40062532920643,2024-02-20,127.5500030517578,2024-03-20,113.6999969482422,113.6999969482422,130.10100311279297,9.256574024169979,Not Called,9.256574024169979,-13.850006103515597,9.256574024169979,-13.850006103515597,-4.593432079345618,-0.0004593432079345618,725.7211919010151,-1085.8491393289487,725.7211919010151,-1085.8491393289487,-360.12794742793346,ENPH
88.94222792708057,2024-02-20,112.43253326416016,2024-03-20,114.68118392944336,122.25104522705078,114.68118392944336,5.56759668815495,Called,5.56759668815495,2.2486506652832077,7.816247353438158,0.0,7.816247353438158,0.0007816247353438158,495.19445364393647,200.0000000000004,695.1944536439369,0.0,695.1944536439369,ALB
114.95574486230561,2024-02-20,86.98999786376953,2024-03-20,88.72979782104493,103.08000183105467,88.72979782104493,3.930274255970737,Called,3.930274255970737,1.7397999572753946,5.6700742132461315,0.0,5.6700742132461315,0.0005670074213246131,451.80760460826,200.00000000000045,651.8076046082605,0.0,651.8076046082605,MRNA
